Time,Login
1541625585.4,12.4197580814
1541626075.07,16.0511989594
1541626431.58,17.7595000267
1541626926.42,25.8972635269
